source,author,title,description,url,urlToImage,publishedAt,content
"{'id': 'il-sole-24-ore', 'name': 'Il Sole 24 Ore'}",di Maria luisa Colledani,"Veronica Yoko Plebani, un argento dedicato all’amicizia","Veronica Yoko Plebani conquista l’argento della gara di triathlon PTS2, facendosi precedere solo dall’americana Danz e migliorando il bronzo conquistato a Tokyo.Una gioia immensa: “Ancora non ci credo - dice...",https://www.ilsole24ore.com/art/veronica-yoko-plebani-argento-dedicato-all-amicizia-AFoHjPfD,https://i2.res.24o.it/images2010/S24/Documenti/2024/09/03/Immagini/Ritagli/20240902_105030-k7yE--1440x752@IlSole24Ore-Web.jpg?r=1170x507,2024-09-02T10:15:53Z,"Ascolta la versione audio dell'articolo
1' di lettura
Veronica Yoko Plebani conquista largento della gara di triathlon PTS2, facendosi precedere solo dallamericana Danz e migliorando il bronzo conq… [+931 chars]"
"{'id': 'la-repubblica', 'name': 'La Repubblica'}",repubblicawww@repubblica.it (Redazione Repubblica.it),"La corsa delle palestre, tra sensi di colpa e offerte personalizzate","Cresce del 20% in dieci anni il numero di esercizi, tra brand esclusivi e catene low cost",https://torino.repubblica.it/cronaca/2024/09/02/news/palestre_crescita_offerte_personalizzate-423474654/,https://www.repstatic.it/content/localirep/img/rep-torino/2024/09/02/120914210-a3df3dbf-9d0a-4437-8f0d-8afdcbf2ad07.jpg,2024-09-02T10:09:46Z,ANSA/GEDI/JESSICA PASQUALON
"{'id': 'il-sole-24-ore', 'name': 'Il Sole 24 Ore'}",di Gianluca Di Donfrancesco,"Chi è Sahra Wagenknecht, l’astro rosso-bruno che sogna in grande","Il suo partito è la vera novità delle elezioni in Sassonia e Turingia, ma le sue posizioni su Nato, Ucraina e immigrazione somigliano a quelle dell’ultradestra",https://www.ilsole24ore.com/art/chi-e-sahra-wagenknecht-l-astro-rosso-bruno-che-sogna-grande-AF0QpKfD,https://i2.res.24o.it/images2010/S24/Documenti/2024/09/03/Immagini/Ritagli/c29aa8287a3c59aeb75afda989ac5ad7-U57216031148EZw-1440x752@IlSole24Ore-Web.jpg?r=1170x507,2024-09-02T09:22:58Z,"Ascolta la versione audio dell'articolo
3' di lettura
Sahra Wagenknecht è la vera novità delle elezioni in Sassonia e Turingia, dove il partito che porta il suo nome va in doppia cifra e potrebbe e… [+2086 chars]"
"{'id': 'la-repubblica', 'name': 'La Repubblica'}",repubblicawww@repubblica.it (Redazione Repubblica.it),Oggi riapre la metro. Torino riparte con un settembre affollato di eventi,"Nuove telecamere e interventi sulle stazioni. In agenda MiTo, Italian Tech Week, Terra Madre e torna la Champions. Si rianimano anche scuole e asili in vista del nuovo anno",https://torino.repubblica.it/cronaca/2024/09/02/news/riapre_metro_settembre-423474521/,https://www.repstatic.it/content/localirep/img/rep-torino/2024/09/02/112018490-9c544213-3aae-49bd-b9e7-3fb10921c93e.jpg,2024-09-02T09:20:21Z,"Torino riparte dopo la lunga estate: da oggi la metropolitana torna al consueto orario. Le scuole iniziano lattività, anche se la prima campanella è prevista per mercoledì 11 settembre. Nidi e scuole… [+1853 chars]"
"{'id': 'la-repubblica', 'name': 'La Repubblica'}",repubblicawww@repubblica.it (Redazione Repubblica.it),Una cinghia stretta attorno al collo per farsi consegnare soldi e gioielli: così un rapinatore è diventato l’incubo degli anziani,I carabinieri hanno acquisito i filmati delle telecamere per dare un nome al malvivente che aggredisce le vittime strangolandole,https://torino.repubblica.it/cronaca/2024/09/02/news/rapinatore_strangola_anziani-423474509/,https://www.repstatic.it/content/localirep/img/rep-torino/2024/09/02/111240610-3fd9f406-55d1-4ec1-862e-f35062be3b53.jpg,2024-09-02T09:12:42Z,"Sorpresi per strada e aggrediti alle spalle con una cintura stretta attorno al collo per obbligarli a consegnare soldi, orologi, gioielli e telefonino. È diventato il terrore degli anziani luomo che … [+684 chars]"
"{'id': 'il-sole-24-ore', 'name': 'Il Sole 24 Ore'}",di Antonio Calabrò,Madre di silenzi e appassionate conversazioni,"L’isola è donna, fertile e accogliente. Il suo nome sa di mare, si fa metafora d’altro, come tutto in Sicilia. Qui l’arte di immaginare e chiacchierare, con i riverberi del non detto, serve a costruire idee di società e adultità migliori. Come sapeva il princ…",https://www.ilsole24ore.com/art/madre-silenzi-e-appassionate-conversazioni-AFIufCYD,https://i2.res.24o.it/images2010/S24/Documenti/2024/09/01/Immagini/Ritagli/salina-kh8--1440x752@IlSole24Ore-Web.jpg?r=1170x507,2024-09-02T08:49:43Z,"Ne erano maestri i fratelli Paolo e Vittorio Taviani, nella loro casa a metà della costa sopra il mare di Lingua o come ospiti benvoluti di tante altre terrazze, come quella di Lella Artesi, a Leni, … [+2360 chars]"
"{'id': 'la-repubblica', 'name': 'La Repubblica'}",repubblicawww@repubblica.it (Redazione Repubblica.it),"Cambio ai vertici dell’Inps, in Piemonte arriva Ciriaco","Il dirigente completa un percorso di crescita 
   nell’istituto previdenziale iniziato da Moncalieri",https://torino.repubblica.it/cronaca/2024/09/02/news/vincenzo_ciriaco_inps_piemonte-423474461/,https://www.repstatic.it/content/localirep/img/rep-torino/2024/09/02/104117822-ba7f06da-5a97-46f0-8da1-581ad12da971.jpg,2024-09-02T08:41:52Z,"Cambio al vertice alla Direzione Regionale Inps del Piemonte. Dallinizio di agosto, infatti, Vincenzo Ciriaco è il nuovo direttore regionale dellInps del Piemonte. Laureato in Giurisprudenza presso l… [+224 chars]"
"{'id': 'la-repubblica', 'name': 'La Repubblica'}",repubblicawww@repubblica.it (Redazione Repubblica.it),Il Piemonte sbanca i Fondi europei. In 25 anni finanziati 200 mila progetti,"È la prima regione in Italia. Sono stati investiti in totale oltre 21 miliardi, di cui il 54% con denaro Ue nei settori più diversi, dall’ambiente alla salute",https://torino.repubblica.it/cronaca/2024/09/02/news/piemonte_fondi_europei_progetti-423474452/,https://www.repstatic.it/content/localirep/img/rep-torino/2024/09/02/103350069-9aad941d-2fb9-4624-b0a9-192a19411240.jpg,2024-09-02T08:33:57Z,"Hanno consentito di finanziare il progetto Piquet e realizzare un centro per le tecnologie quantistiche e la nano-fabbricazione a disposizione delle imprese, coordinato dallIstituto Nazionale di Rice… [+173 chars]"
"{'id': 'la-repubblica', 'name': 'La Repubblica'}",repubblicawww@repubblica.it (Redazione Repubblica.it),Autunno di sfide tra crisi industriali e nuove strategie,I 12 miliardi di euro in arrivo tra Pnrr e fondi Ue daranno una forte spinta agli investimenti ma non cancellano i timori per le imprese,https://torino.repubblica.it/cronaca/2024/09/02/news/autunno_economia_piemonte-423474444/,https://www.repstatic.it/content/localirep/img/rep-torino/2024/09/02/102459370-e3f2cfc4-4d98-41a0-920c-b42a04ff6dfd.jpg,2024-09-02T08:26:29Z,"Autunno economico impegnativo per il Piemonte. Molte incertezze allorizzonte per linstabilità internazionale. Il Pil dovrebbe crescere, secondo più centri studi, ma sotto all1%. Le imprese devono dec… [+65 chars]"
"{'id': 'la-repubblica', 'name': 'La Repubblica'}",repubblicawww@repubblica.it (Redazione Repubblica.it),"Evelina Christillin: “La rivoluzione francese vista dai suoi protagonisti, oggi nessun politico è così”","La dirigente sportiva di Uefa e Fifa legge il volume di Hilary Mantel, che trasforma Robespierre, Danton e Desmoulins in gente di casa",https://torino.repubblica.it/cronaca/2024/09/02/news/evelina_christillin_libro_estate-423474421/,https://www.repstatic.it/content/localirep/img/rep-torino/2024/09/02/102006417-3848c181-eb3a-49d7-bab2-88e05c542800.jpg,2024-09-02T08:20:18Z,L'ascolto è riservato agli abbonati premium
"{'id': 'la-repubblica', 'name': 'La Repubblica'}",repubblicawww@repubblica.it (Redazione Repubblica.it),"Monopattino elettrico prende fuoco durante la ricarica in casa, il rogo distrugge l’appartamento","Nessuna persona coinvolta, la casa è inagibile",https://torino.repubblica.it/cronaca/2024/09/02/news/monopattino_elettrico_ricarica_incendio-423474360/,https://www.repstatic.it/content/localirep/img/rep-torino/2024/09/02/093635820-199b3e35-e355-4ffb-ac1f-672f27c763ba.jpg,2024-09-02T07:38:02Z,"Intervento all'alba di questa mattina dei vigili del fuoco, per un incendio scoppiato intorno alle 5 in un alloggio in via Baracca, nel quartiere di Borgo Dora, alla periferia di Torino. Secondo una … [+167 chars]"
"{'id': 'il-sole-24-ore', 'name': 'Il Sole 24 Ore'}",di Enrico Marro,"Non solo Lego: viaggio nel cuore dello Jutland tra fiordi, castelli e design","Collegata da tutta Italia con voli Ryanair, Billund e la regione di Trekanten offrono il meglio della Danimarca: natura mozzafiato, storia millenaria, architettura, food. Oltre ai mitici mattoncini colorati",https://www.ilsole24ore.com/art/non-solo-lego-viaggio-cuore-jutland-fiordi-castelli-e-design-AFzynQeD,https://i2.res.24o.it/images2010/S24/Documenti/2024/09/02/Immagini/Ritagli/l-U21087557065fLM-1440x752@IlSole24Ore-Web.jpg?r=1170x507,2024-09-02T07:15:55Z,"Entrambi sono visibili dalla torre del nuovo Zleep Hotel, aperto nel 2022 su undici piani e dotato di camere con una vista mozzafiato sullarea del porto.
Piccola perla sul rapporto dei danesi con st… [+2311 chars]"
"{'id': 'il-sole-24-ore', 'name': 'Il Sole 24 Ore'}",di Cristina Battocletti,Scandalosa scoperta del piacere femminile,"Fino ad ora solo film di buona fattura, con tante star, ma niente di eccezionale. La cosa nuova è il ribaltamento dei canoni della sessualità, che vuole protagoniste donne di potere con giovani uomini",https://www.ilsole24ore.com/art/scandalosa-scoperta-piacere-femminile-AFCDvzYD,https://i2.res.24o.it/images2010/S24/Documenti/2024/09/01/Immagini/Ritagli/BABYGIRL-k6JI--1440x752@IlSole24Ore-Web.jpg?r=1170x507,2024-09-02T07:08:57Z,"Ascolta la versione audio dell'articolo
5' di lettura
Il primo dato sensibile è che in questa prima parte dell81esima edizione della Mostra del cinema di Venezia non ci sono film che possano segnar… [+5231 chars]"
"{'id': 'il-sole-24-ore', 'name': 'Il Sole 24 Ore'}",di Maria Luisa Colledani,"Mettetevi comodi, qui si fa il teatro","All’Ara Pacis una mostra racconta, attraverso 240 reperti, la storia di autori e opere, famosi e meno (come la mima Bassilla), dagli inizi col canto per Dioniso, fino a Plauto e Menandro, e i mille edifici costruiti in un millennio",https://www.ilsole24ore.com/art/mettetevi-comodi-qui-si-fa-teatro-AFuis9SD,https://i2.res.24o.it/images2010/S24/Documenti/2024/09/01/Immagini/Ritagli/6.-kQLD--1440x752@IlSole24Ore-Web.jpg?r=1170x507,2024-09-02T07:06:07Z,"Ascolta la versione audio dell'articolo
4' di lettura
Mettetevi comodi, prendetevi del tempo perché la mostra sul teatro nellantichità allAra Pacis di Roma è un lungo viaggio, dove letteratura, cos… [+5668 chars]"
"{'id': 'il-sole-24-ore', 'name': 'Il Sole 24 Ore'}",di Salis Stefano,Opposizione e «vita activa» si trovano nei fiori,"La stanza è piccola; i pensieri che suscita grandi. E non è la prima volta, anzi, accade sempre. Sono frequentatore abituale del Garden Museum di Londra, defilato e apparentemente di...",https://www.ilsole24ore.com/art/opposizione-e-vita-activa-si-trovano-fiori-AF0FgCbD,https://i2.res.24o.it/images2010/S24/Documenti/2024/09/01/Immagini/Ritagli/GettyImages-932658964-kHx--1440x752@IlSole24Ore-Web.jpg?r=1170x507,2024-09-02T07:00:12Z,"Ascolta la versione audio dell'articolo
2' di lettura
La stanza è piccola; i pensieri che suscita grandi. E non è la prima volta, anzi, accade sempre. Sono frequentatore abituale del Garden Museum … [+1730 chars]"
"{'id': 'il-sole-24-ore', 'name': 'Il Sole 24 Ore'}",di Roberto Escobar,Icaro vola nei non luoghi,"Il rosso di un velo sul capo di Zelinda attraversa i settant’anni narrati da Invelle (Italia e Svizzera, 2023, 82’). La si scriva con la maiuscola o con la minuscola,...",https://www.ilsole24ore.com/art/icaro-vola-non-luoghi-AFSH0PYD,https://i2.res.24o.it/images2010/S24/Documenti/2024/09/01/Immagini/Ritagli/FOTO-012-5.0.3116935064-ksqC--1440x752@IlSole24Ore-Web.jpg?r=1170x507,2024-09-02T06:51:13Z,"Ascolta la versione audio dell'articolo
2' di lettura
Il rosso di un velo sul capo di Zelinda attraversa i settantanni narrati da Invelle (Italia e Svizzera, 2023, 82). La si scriva con la maiuscol… [+1946 chars]"
"{'id': 'il-sole-24-ore', 'name': 'Il Sole 24 Ore'}",di Lara Ricci,All’ombra del paradiso,"Tre donne determinate e disperate vivono ai margini dei resort turistici che deturpano la Giamaica in «Here comes the sun», magistrale esordio che indaga a fondo l’effetto devastante che il potere esercita sulle persone",https://www.ilsole24ore.com/art/all-ombra-paradiso-AF0H3IYD,https://i2.res.24o.it/images2010/S24/Documenti/2024/09/01/Immagini/Ritagli/superJumbo-kzWC--1440x752@IlSole24Ore-Web.jpg?r=1170x507,2024-09-02T06:48:32Z,"Ascolta la versione audio dell'articolo
3' di lettura
Thandi ha quindici anni e sta per annegare nel porticciolo allestuario di un fiume nel villaggio di pescatori dove è nata. Non sa nuotare, è en… [+2977 chars]"
"{'id': 'la-repubblica', 'name': 'La Repubblica'}",repubblicawww@repubblica.it (Redazione Repubblica.it),"Liti condominiali, ormai una al giorno. I torinesi si scoprono sempre più nervosi",I casi quest’anno sono stati 217: rispetto ai primi otto mesi del 2023 i vigili sono intervenuti una quarantina di volte in più,https://torino.repubblica.it/cronaca/2024/09/02/news/aumento_liti_condominiali-423474256/,https://www.repstatic.it/content/localirep/img/rep-torino/2024/09/02/084418085-389d2303-ac17-4811-8202-9ba5b950b124.jpg,2024-09-02T06:44:24Z,"Se non capita spesso che si trovino a dover schivare pentole che volano fuori dalla porta, succede abbastanza di frequente che debbano persuadere i proprietari di cani di ogni razza a trovare un rime… [+93 chars]"
"{'id': 'la-repubblica', 'name': 'La Repubblica'}",repubblicawww@repubblica.it (Redazione Repubblica.it),"Incubo baby gang nei supermercati aperti di notte, “Bevono, rubano e sfidano i vigilantes”",Da via Madama Cristina a corso Rosselli lo stesso copione: il branco entra a notte fonda e fa razzia. Il 12 agosto fermato un capobanda diciottenne…,https://torino.repubblica.it/cronaca/2024/09/02/news/baby_gang_supermercati_h24-423474220/,https://www.repstatic.it/content/localirep/img/rep-torino/2024/09/02/083622812-2756b48c-0ce9-4245-9caf-465a91d4c717.jpg,2024-09-02T06:37:12Z,"Baby gang allassalto dei supermercati aperti 24 ore. Entrano a notte fonda, si aggirano in branco tra le corsie, mangiano i cibi di fronte agli scaffali prima di arrivare alla cassa, oppure tentano d… [+82 chars]"
"{'id': 'la-repubblica', 'name': 'La Repubblica'}",repubblicawww@repubblica.it (Redazione Repubblica.it),"Tomas Hlavaty: “Lascio la tonaca, non la fede per far nascere mio figlio che ha una malformazione”","In Alta Langa la storia di un uomo, da sacerdote a “padre coraggio”",https://torino.repubblica.it/cronaca/2024/09/02/news/tomas_hlavaty_sacerdote_figlio_intervista-423474173/,https://www.repstatic.it/content/localirep/img/rep-torino/2024/09/02/082722506-0153bd83-441e-4ef6-a64c-cf03db1504f2.jpg,2024-09-02T06:33:00Z,L'ascolto è riservato agli abbonati premium
"{'id': 'il-sole-24-ore', 'name': 'Il Sole 24 Ore'}",,"Mistero sulla morte di Hvaldimir, la balena beluga presunta spia russa",Il mammifero marino era stato avvistato nel 2019 con una GoPro e un’imbracatura di fabbricazione russa. Disposta l’autopsia,https://www.ilsole24ore.com/art/mistero-morte-hvaldimir-balena-beluga-presunta-spia-russa-AFZl1EfD,https://i2.res.24o.it/images2010/S24/Documenti/2024/09/03/Immagini/Ritagli/a66067e71bb6888f2c18d5020db9910a-U12031624310ISw-1440x752@IlSole24Ore-Web.jpg?r=1170x507,2024-09-02T06:21:28Z,"Ascolta la versione audio dell'articolo
2' di lettura
Nel fine settimana, le acque della Norvegia sud-occidentale hanno restituito il corpo senza vita di Hvaldimir, una balena beluga che, negli ult… [+3104 chars]"
"{'id': 'il-sole-24-ore', 'name': 'Il Sole 24 Ore'}",Riccardo Saporiti,In un database del Mit di Boston tutti i rischi legati all’intelligenza artificiale,"Si chiama AI Risk Repository ed è un database con oltre 700 voci che racchiude i rischi legati all'impiego dell'intelligenza artificiale. A costruirlo sono stati i ricercatori del Mit di Boston, che hanno organizzato i problemi posti dall'AI in sette domini, …",https://www.infodata.ilsole24ore.com/2024/09/02/in-un-database-del-mit-di-boston-tutti-i-rischi-legati-allintelligenza-artificiale/,https://www.infodata.ilsole24ore.com/wp-content/uploads/sites/89/2024/08/sqw.jpg,2024-09-02T05:59:08Z,"Le regole della Community
Il Sole 24 ORE incoraggia i lettori al dibattito ed al libero scambio di opinioni sugli argomenti oggetto di discussione nei nostri articoli. I commenti non devono necessar… [+1942 chars]"
"{'id': 'il-sole-24-ore', 'name': 'Il Sole 24 Ore'}",di Andrea Chimento,"“The Brutalist”, grande forza audiovisiva e ritmo per un film straordinario",In lizza per il Leone d’oro il terzo lungometraggio di Brady Corbet: al centro la storia di un geniale architetto ungherese interpretato da Adrien Brody,https://www.ilsole24ore.com/art/the-brutalist-grande-forza-audiovisiva-e-ritmo-un-film-straordinario-AFGdDDfD,https://i2.res.24o.it/images2010/S24/Documenti/2024/09/03/Immagini/Ritagli/The%20Brutalist-kL9G-U24618558146QVN-1440x752@IlSole24Ore-Web.jpg?r=1170x507,2024-09-02T05:57:37Z,"Ascolta la versione audio dell'articolo
3' di lettura
Una visione impossibile da dimenticare: in concorso alla Mostra del Cinema di Venezia è stato presentato The Brutalist, uno di quei film che no… [+1741 chars]"
"{'id': 'il-sole-24-ore', 'name': 'Il Sole 24 Ore'}",,"Germania, l’AfD ultravince in Turingia e arriva seconda in Sassonia. Scholz: «Risultati amari»","Il partito di estrema destra supera anche liberali e verdi, ma non avrà i numeri per governare. Successo, inoltre, per i populisti di Alleanza Sahra Wagenknecht (BSW)",https://www.ilsole24ore.com/art/germania-l-afd-ultravince-turingia-e-arriva-seconda-sassonia-scholz-risultati-amari-AFMyrCfD,https://i2.res.24o.it/images2010/S24/Documenti/2024/09/03/Immagini/Ritagli/LP_22611483-U80511234837sLK-1440x752@IlSole24Ore-Web.jpg?r=1170x507,2024-09-02T05:47:04Z,"Ascolta la versione audio dell'articolo
2' di lettura
Un momento storico. Nelle elezioni regionali tenutesi nellest della Germania, lAlternative für Deutschland (AfD) ha registrato una vittoria sen… [+1968 chars]"
"{'id': 'il-sole-24-ore', 'name': 'Il Sole 24 Ore'}",,"Guerra ultime notizie. Media israeliani, Netanyahu vuole pesante risposta contro Hamas","Inviato israeliano all’Onu chiede la convocazione del Consiglio sicurezza sugli ostaggi. Israele: 35 arresti e diversi feriti nelle manifestazioni. Kiev, raid russo colpisce centro per l’infanzia a Sumy, 13 feriti",https://www.ilsole24ore.com/art/guerra-ultime-notizie-media-israeliani-netanyahu-vuole-pesante-risposta-contro-hamas-AF2nJ7eD,https://i2.res.24o.it/images2010/S24/Documenti/2024/09/03/Immagini/Ritagli/0b1e0fccad810d7c2e32daaefb19f4e5-U58187664447IUZ-1440x752@IlSole24Ore-Web.jpg?r=1170x507,2024-09-02T05:23:02Z,Il presidente russo Vladimir Putin accusa il Comitato olimpico internazionale (Cio) di agire su richiesta dellOccidente e annuncia di voler rimuovere barriere e restrizioni artificiali e ampliare la … [+710 chars]
"{'id': 'la-repubblica', 'name': 'La Repubblica'}",repubblicawww@repubblica.it (Redazione Repubblica.it),"Scontri in carcere a Cuneo, detenuti lanciano olio bollente sugli agenti: due feriti","Guerra per bande, 4 ore di disordini: richiamati i poliziotti penitenziari fuori servizio. Il sindacato Osapp al ministro Nordio: “Situazione fuori controllo e personale abbandonato a se stesso, non capiamo perché nessuno intervenga”",https://torino.repubblica.it/cronaca/2024/09/01/news/scontri_in_carcere_a_cuneo_detenuti_lanciano_olio_bollente_sugli_agenti_due_feriti-423473802/,https://www.repstatic.it/content/localirep/img/rep-torino/2024/09/01/210456209-77a3c665-b981-4413-aad3-ac0f47df2776.jpg,2024-09-01T19:09:06Z,Disordini fra detenuti sono avvenuti oggi nel carcere di Cuneo. Due agenti di polizia penitenziaria che sono intervenuti per riportare la calma sono stati investiti da un getto di olio rovente scagli… [+1259 chars]
"{'id': 'il-sole-24-ore', 'name': 'Il Sole 24 Ore'}",Infodata,Quanto tempo passiamo a scrollare con il pollice la timeline di TikTok? Il caso di Ben,"Questo sito rivela, in tempo reale, quanto e se l'artista Ben Grosser sta usando TikTok. Come spiega nel suo sito:  va considerato come ultimo disperato tentativo, una sorta di confessione pubblica come strumento terapeutico volto a disinnescare l'intensa com…",https://www.infodata.ilsole24ore.com/2024/09/01/quanto-tempo-passiamo-a-scrollare-con-il-pollice-la-timeline-di-tiktok-il-caso-di-ben/,https://www.infodata.ilsole24ore.com/wp-content/uploads/sites/89/2024/08/Immagine1.png,2024-09-01T16:53:00Z,"Le regole della Community
Il Sole 24 ORE incoraggia i lettori al dibattito ed al libero scambio di opinioni sugli argomenti oggetto di discussione nei nostri articoli. I commenti non devono necessar… [+1942 chars]"
"{'id': 'il-sole-24-ore', 'name': 'Il Sole 24 Ore'}",,"L’ultradestra tedesca vola nelle elezioni regionali, Afd primo partito in Turingia","Boom dell’ultradestra tedesca nelle elezioni nell’est della Germania: secondo i primi exit poll diffusi dalla Zdf a chiusura delle urne, l’Afd vince le elezioni in Turingia con il 33,5%, mentre...",https://www.ilsole24ore.com/art/l-ultradestra-tedesca-vola-elezioni-regionali-afd-primo-partito-turingia-AFvR6leD,https://i2.res.24o.it/images2010/S24/Documenti/2024/09/02/Immagini/Ritagli/2024-09-01T161720Z_779758219_RC2SR9A4C08R_RTRMADP_5_GERMANY-ELECTION-THURINGIA-REACTIONS-U56566218744dWi-1440x752@IlSole24Ore-Web.JPG?r=1170x507,2024-09-01T16:32:44Z,"Ascolta la versione audio dell'articolo
1' di lettura
Boom dellultradestra tedesca nelle elezioni nellest della Germania: secondo i primi exit poll diffusi dalla Zdf a chiusura delle urne, lAfd vin… [+1036 chars]"
"{'id': 'il-sole-24-ore', 'name': 'Il Sole 24 Ore'}",di Gianluca Di Donfrancesco,"Slogan nazi, remigrazione e complotti: Höcke, l’estremista che spaventa l’Europa",Il leader di Alternative für Deutschland in Turingia è già stato condannato per aver usato parole d’ordine hitleriane,https://www.ilsole24ore.com/art/slogan-nazi-remigrazione-e-complotti-hocke-l-estremista-che-spaventa-l-europa-AFI9KrdD,https://i2.res.24o.it/images2010/S24/Documenti/2024/09/01/Immagini/Ritagli/37ed9e4d8b2a172d6abd4b1b708fc679-U40723070353sId-1440x752@IlSole24Ore-Web.jpg?r=1170x507,2024-09-01T16:31:53Z,"Ascolta la versione audio dell'articolo
3' di lettura
«Noi possiamo scrivere la storia, il 1° settembre 2024 potrebbe finire nei libri come una cesura politica. Può essere che gli storici parlerann… [+1885 chars]"
"{'id': 'il-sole-24-ore', 'name': 'Il Sole 24 Ore'}",Luca Tremolada,Chi è James? Ecco come si costruiscono gli umani digitali,"Al SIGGRAPH , Nvidia ha presentato in anteprima ""James"", un essere umano digitale interattivo in grado di connettersi con le persone tramite emozioni, umorismo e altro. James si basa su un flusso di lavoro di assistenza clienti che utilizza NVIDIA ACE , un de…",https://www.infodata.ilsole24ore.com/2024/09/01/chi-e-james-ecco-come-si-costruiscono-gli-umani-digitali/,https://www.infodata.ilsole24ore.com/wp-content/uploads/sites/89/2024/08/videoframe_7070.png,2024-09-01T12:50:13Z,"Al SIGGRAPH , Nvidia ha presentato in anteprima James, un essere umano digitale interattivo in grado di connettersi con le persone tramite emozioni, umorismo e altro. James si basa su un flusso di la… [+2332 chars]"
"{'id': 'il-sole-24-ore', 'name': 'Il Sole 24 Ore'}",,"Francia, Macron riceverà Cazeneuve all’Eliseo per conferirgli l’incarico","Secondo fonti citate dall’agenzia France Presse, sarebbe tutto pronto per l’ex ministro degli Interni e primo ministro di François Hollande",https://www.ilsole24ore.com/art/francia-macron-ricevera-cazeneuve-all-eliseo-conferirgli-l-incarico-AFEOHaeD,https://i2.res.24o.it/images2010/S24/Documenti/2024/09/02/Immagini/Ritagli/AFP_36F22W2-U88106211725ayJ-1440x752@IlSole24Ore-Web.jpg?r=1170x507,2024-09-01T12:32:00Z,"Ascolta la versione audio dell'articolo
1' di lettura
Il presidente francese Emmanuel Macron riceverà domani - lunedì 2 settembre - allEliseo Bernard Cazeneuve allEliseo nellambito delle sue consul… [+1378 chars]"
"{'id': 'il-sole-24-ore', 'name': 'Il Sole 24 Ore'}",,"Russia, trovati i corpi di 17 vittime dell’elicottero caduto in Kamchatka",Le vittime erano a bordo dell’elicottero Mi-8 precipitato sabato nel territorio russo subito dopo il decollo. Sul posto i soccorritori del ministero per le situazioni di emergenza,https://www.ilsole24ore.com/art/russia-trovati-corpi-17-vittime-dell-elicottero-caduto-kamchatka-AFgMcaeD,https://i2.res.24o.it/images2010/S24/Documenti/2024/09/02/Immagini/Ritagli/G33LQAPW-U66623684776jYu-1440x752@IlSole24Ore-Web.jpg?r=1170x507,2024-09-01T12:05:34Z,"Ascolta la versione audio dell'articolo
1' di lettura
I soccorritori hanno ritrovato i corpi di 17 persone che erano a bordo dellelicottero Mi-8 precipitato sabato nel territorio russo della Kamcha… [+1157 chars]"
"{'id': 'il-sole-24-ore', 'name': 'Il Sole 24 Ore'}",Infodata,Come “giocare” con la geoingegneria solare #MathGamesAndWeirdThings,"Il pioniere dell'intelligenza artificiale Andrew Ng ha rilasciato un semplice strumento online - Planet Parasol - che permette a chiunque di armeggiare con i quadranti di un modello di geoingegneria solare, esplorando ciò che potrebbe accadere se le nazioni t…",https://www.infodata.ilsole24ore.com/2024/09/01/come-giocare-con-la-geoingegneria-solare-mathgamesandweirdthings/,https://www.infodata.ilsole24ore.com/wp-content/uploads/sites/89/2024/08/download-1.jpg,2024-09-01T10:46:53Z,"Le regole della Community
Il Sole 24 ORE incoraggia i lettori al dibattito ed al libero scambio di opinioni sugli argomenti oggetto di discussione nei nostri articoli. I commenti non devono necessar… [+1942 chars]"
"{'id': 'la-repubblica', 'name': 'La Repubblica'}",repubblicawww@repubblica.it (Redazione Repubblica.it),Arrestata la ragazza della babygang che rapinava i passanti ai Murazzi,Ha 17 anni. Ora gli investigatori cercano di risalire agli altri cinque componenti della banda,https://torino.repubblica.it/cronaca/2024/09/01/news/ragazza_babygang_rapine_murazzi-423473345/,https://www.repstatic.it/content/localirep/img/rep-torino/2024/09/01/124016776-f9c0eaf5-ec67-4374-b3de-d25a51492a65.jpg,2024-09-01T10:40:18Z,"Quella lady a capo della baby gang. Dateci i soldi e il telefono, se non volete problemi. Giravano in sei, con un bastone in pugno, pronti a colpire le coppie di ragazzi dirette ai Murazzi per trasco… [+1412 chars]"
"{'id': 'il-sole-24-ore', 'name': 'Il Sole 24 Ore'}",di Maria Luisa Colledani,L’Ital-nuoto vola grazie a formazione e reclutamento,Altre due medaglie dalla piscina e il Ct Vernole spiega le ragioni dei successi: tecnici specializzati nel paralimpico e caccia ai talenti,https://www.ilsole24ore.com/art/l-ital-nuoto-vola-grazie-formazione-e-reclutamento-AFXjvldD,https://i2.res.24o.it/images2010/S24/Documenti/2024/09/01/Immagini/Ritagli/m0igbsol7f7rta6rzsi-kbnF--1440x752@IlSole24Ore-Web.jpg?r=1170x507,2024-09-01T08:51:10Z,"Ascolta la versione audio dell'articolo
3' di lettura
Acqua azzurra, acqua vincente. I primi tre giorni di gare alla Défense hanno dato allItalia 13 medaglie, contando anche i due argenti di ieri. … [+4852 chars]"
"{'id': 'il-sole-24-ore', 'name': 'Il Sole 24 Ore'}",Infodata,"Nel complesso su 100 bambini che entrano alla scuola primaria, 85 sono di cittadinanza italiana","Giocando con gli Open Data del MIM, il Ministero dell'Istruzione e del Merito, ci siamo resi conto di due aspetti interessanti riguardanti la scuola statale: primo, perdiamo studenti, altrimenti detto che nonostante viga l'obbligo scolastico fino al 18 anni, …",https://www.infodata.ilsole24ore.com/2024/09/01/nel-complesso-su-100-bambini-che-entrano-alla-scuola-primaria-85-sono-di-cittadinanza-italiana/,https://www.infodata.ilsole24ore.com/wp-content/uploads/sites/89/2024/08/FireShot-Capture-473-La-scuola-perde-studenti-specie-stranieri-Info-Data_-www.infodata.ilsole24ore.com_.jpg,2024-09-01T08:46:38Z,"Giocando con gli Open Data del MIM, il Ministero dellIstruzione e del Merito, ci siamo resi conto di due aspetti interessanti riguardanti la scuola statale: primo, perdiamo studenti, altrimenti detto… [+5399 chars]"
"{'id': 'il-sole-24-ore', 'name': 'Il Sole 24 Ore'}",di Maria Luisa Colledani,Polha Varese fucina di medaglie paralimpiche,"Sette nuotatori dell’Italia che sta raccogliendo così tanti successi in Francia si allenano nella società varesina, modello di inclusione",https://www.ilsole24ore.com/art/polha-varese-fucina-medaglie-paralimpiche-AFki9udD,https://i2.res.24o.it/images2010/S24/Documenti/2024/09/01/Immagini/Ritagli/2024-09-01T075149Z_1916783454_UP1EK910LUB1O_RTRMADP_5_PARALYMPICS-2024-SWIMMING-U301207639687uYB-U56174572227VmO-1440x752@IlSole24Ore-Web.JPG?r=1170x507,2024-09-01T08:45:47Z,"Ascolta la versione audio dell'articolo
4' di lettura
La Défense Arena di Parigi si colora con il tricolore ogni giorno: lItalia del nuoto paralimpico è uno squadrone di livello mondiale e sette de… [+4928 chars]"
"{'id': 'la-repubblica', 'name': 'La Repubblica'}",repubblicawww@repubblica.it (Redazione Repubblica.it),"I Massive Attack chiudono Todays, a Ivrea inizia il festival jazz Open Papyrus",Una settimana di concerti in Piemonte,https://torino.repubblica.it/cronaca/2024/09/01/news/massive_attack_todays-423473186/,https://www.repstatic.it/content/localirep/img/rep-torino/2024/09/01/102007798-e609f45f-a74c-40fb-b6dc-20ddcd845d73.jpg,2024-09-01T08:20:17Z,"LUNEDÌ Apice conclusivo di TOdays: al Parco della Confluenza arrivano i Massive Attack, padri fondatori del trip hop. Inizia a Ivrea il festival jazz Open Papyrus presentando a villa Casana Markus St… [+91 chars]"
"{'id': 'la-repubblica', 'name': 'La Repubblica'}",repubblicawww@repubblica.it (Redazione Repubblica.it),"Guance annerite di fuliggine e abiti d’epoca, in Valle Vigezzo il pittoresco raduno degli spazzacamini",Da 41 edizioni alla manifestazione di Santa Maria Maggiore sfilano lavoratori da tutta Europa,https://torino.repubblica.it/cronaca/2024/09/01/news/valle_vigezzo_raduno_spazzacamini-423473103/,https://www.repstatic.it/content/localirep/img/rep-torino/2024/09/01/094316065-cc96eaef-9e37-4d00-a78c-241d104ad3a1.jpg,2024-09-01T07:43:21Z,"Cè chi qui ha scelto di chiedere in sposa lamore della propria vita, e chi festeggia goliardicamente a boccali di birra. Chi si fa accompagnare dai propri cagnolini, anchessi con indosso la divisa do… [+164 chars]"
"{'id': 'la-repubblica', 'name': 'La Repubblica'}",repubblicawww@repubblica.it (Redazione Repubblica.it),"“Vivere senza scrivere non vivo”, Premio e Festival celebrano Pavese",Gli appuntamenti di quest’anno avranno come focus lo spazio più intimo e privato dello scrittore,https://torino.repubblica.it/cronaca/2024/09/01/news/cesare_pavese_premio_festival-423473092/,https://www.repstatic.it/content/localirep/img/rep-torino/2024/09/01/093233368-4f9bafab-300a-4d7e-a70b-fb3d98726d90.jpg,2024-09-01T07:32:39Z,Vivere senza scrivere non vivo: così Cesare Pavese in una lettera datata 16 giugno 1950 e indirizzata al critico e traduttore Aldo Camerino. Parole che sembrano condensare il tormento umano e profess… [+157 chars]
"{'id': 'la-repubblica', 'name': 'La Repubblica'}",repubblicawww@repubblica.it (Redazione Repubblica.it),"Tra adesione, carità e durezza, il magistero di Lorenzo Mondo","A due anni dalla scomparsa, il critico sarà ricordato con un libro di lettere scambiate con numerosi scrittori",https://torino.repubblica.it/cronaca/2024/09/01/news/lorenzo_mondo_libro_lettere_scrittori-423473083/,https://www.repstatic.it/content/localirep/img/rep-torino/2024/09/01/092053284-62830b89-16da-42bf-9391-a2cabe8fea92.jpg,2024-09-01T07:28:53Z,"Lorenzo Mondo si era laureato due volte. La prima con Giovanni Getto, discutendo una tesi su Cesare Pavese. Il secondo alloro glielo conferì lo stesso Maestro dellUniversità torinese. Un articolo del… [+76 chars]"
"{'id': 'il-sole-24-ore', 'name': 'Il Sole 24 Ore'}",di MarioCcianflone,"Lutto nel mondo dell’auto, Fabrizio Longo, direttore di Audi Italia muore in un incidente in montagna",Il top manager è deceduto durante una escursione sull’Adamello,https://www.ilsole24ore.com/art/lutto-mondo-dell-auto-fabrizio-longo-direttore-audi-italia-muore-un-incidente-montagna-AFZM2OeD,https://i2.res.24o.it/images2010/S24/Documenti/2024/09/02/Immagini/Ritagli/Imagoeconomica_1755975-U205806934LCH-U32816834840IPU-1440x752@IlSole24Ore-Web.jpg?r=1170x507,2024-09-01T07:19:11Z,"Ascolta la versione audio dell'articolo
1' di lettura
Fabrizio Longo, 62 anni, direttore di Audi Italia è morto, sabato 31 agosto, in un tragico incidente in montagna le cui dinamiche non sono anco… [+847 chars]"
"{'id': 'la-repubblica', 'name': 'La Repubblica'}",repubblicawww@repubblica.it (Redazione Repubblica.it),Antonella Parigi: “Sulla vita di banlieue lo sguardo di Gary è quello di un bambino”,"Assessora a Moncalieri, fondatrice di “Torino città per le donne”, ha scelto “La vita davanti a sé” di Romain Gary",https://torino.repubblica.it/cronaca/2024/09/01/news/antonella_parig_romain_gary_libro_estate-423473063/,https://www.repstatic.it/content/localirep/img/rep-torino/2024/09/01/090830923-775ab78e-6e90-48e0-81c1-ed6cb85cdf1d.jpg,2024-09-01T07:09:49Z,Lestate è anche quel momento in cui si ha il tempo guardare sul comodino e scoprire quel certo libro che da mesi attendeva una mano premurosa. Antonella Parigi ha finalmente aperto quel libro: La vit… [+50 chars]
"{'id': 'il-sole-24-ore', 'name': 'Il Sole 24 Ore'}",,"Guerra, ultime notizie. Famiglie ostaggi attaccano Netanyahu. Attacco a checkpoint in Cisgiordania, uccisi due agenti",,https://www.ilsole24ore.com/art/guerra-ultime-notizie-famiglie-ostaggi-attaccano-netanyahu-attacco-checkpoint-cisgiordania-uccisi-due-agenti-AF20wOeD,https://i2.res.24o.it/images2010/S24/Documenti/2024/09/02/Immagini/Ritagli/f8358d826d4c7115fb3affee07d7d5ae-U77446141632sDd-1440x752@IlSole24Ore-Web.jpg?r=1170x507,2024-09-01T06:51:45Z,"Il Forum delle famiglie degli ostaggi e dei dispersi chiede al premier israeliano, Benyamin Netanyahu, di assumersi la responsabilità dellabbandono degli ostaggi dopo il recupero di sei corpi nella S… [+683 chars]"
"{'id': 'la-repubblica', 'name': 'La Repubblica'}",repubblicawww@repubblica.it (Redazione Repubblica.it),"Don Tomas Hlavaty, da sacerdote a padre coraggio: “Avrò un bambino con una malformazione, ma farò di tutto per fargli assaporare la vita”","Ieri l’annuncio delle dimissioni alla comunità dell’Alta Langa che guidava da diversi anni: “La persona che amo follemente aspetta un figlio, ce la metterò tutta per essere un buon genitore”",https://torino.repubblica.it/cronaca/2024/09/01/news/don_tomas_hlavaty_alba_cuneo_padre_bambino_malformazione-423473005/,https://www.repstatic.it/content/localirep/img/rep-torino/2024/09/01/082627915-3457cf89-6b51-4036-bdab-ca5910bdd410.jpg,2024-09-01T06:26:33Z,"Ieri lannuncio delle dimissioni alla comunità dellAlta Langa che guidava da diversi anni: La persona che amo follemente aspetta un figlio, ce la metterò tutta per essere un buon genitore
L'ascolto è… [+31 chars]"
"{'id': 'il-sole-24-ore', 'name': 'Il Sole 24 Ore'}",di Luca Tremolada,Come è facile (e inquietante) manipolare le foto con gli smartphone,Abbiamo provato le nuove funzioni di fotografia computazionale degli smartphone Pixel 9. Serve sempre di più un bollino per ripristinare la verità fotografica,https://www.ilsole24ore.com/art/come-e-facile-e-inquietante-manipolare-foto-gli-smartphone-AFg8MGYD,https://i2.res.24o.it/images2010/S24/Documenti/2024/08/27/Immagini/04-compo-2.jpg?r=1170x507,2024-09-01T05:00:00Z,"Ascolta la versione audio dell'articolo
2' di lettura
Cambia una piccola cosa, ma con un grande impatto sul nostro rapporto di fiducia con la fotografia. Quella facile, fatta di selfie e scatti da … [+2955 chars]"
"{'id': 'la-repubblica', 'name': 'La Repubblica'}",repubblicawww@repubblica.it (Redazione Repubblica.it),"La storia di Ariele, che salva il pianeta prendendosi cura delle api","Ex scenografa ora imprenditrice agricola, è stata selezionata come una delle “Dieci donne che salvano la Terra”",https://torino.repubblica.it/cronaca/2024/09/01/news/ariele_muzzarelli_slow_food-423472695/,https://www.repstatic.it/content/localirep/img/rep-torino/2024/08/31/213246462-b4cf5f6e-6c0b-495e-889f-e0c19062d8a8.jpg,2024-08-31T23:00:00Z,"Prima di essere una delle dieci Donne che salvano la Terra, selezionate da Slow Food con il contributo della Regione Piemonte, Ariele Muzzarelli era una scenografa teatrale. «Ho studiato in ambito ar… [+208 chars]"
"{'id': 'la-repubblica', 'name': 'La Repubblica'}",repubblicawww@repubblica.it (Redazione Repubblica.it),"L’estate degli eccessi, tra grandine e caldo africano dopo un giugno illusorio",Bilancio della stagione meteorologica che si è chiusa ieri,https://torino.repubblica.it/cronaca/2024/09/01/news/stagione_meteorologica_piemonte_bilancio-423472678/,https://www.repstatic.it/content/localirep/img/rep-torino/2024/08/31/212049926-334aa73f-62f6-4ee5-9839-56e186cb073d.jpg,2024-08-31T23:00:00Z,L'ascolto è riservato agli abbonati premium
"{'id': 'la-repubblica', 'name': 'La Repubblica'}",repubblicawww@repubblica.it (Redazione Repubblica.it),La nocciola del Piemonte è andata in crisi: “Clima non più adatto alle piante”,"Raccolto scarso e mal pagato, non si ricorda un anno così negativo 
 eppure la produzione, esplosa dieci anni fa, dovrebbe essere all’apice 
 E le aziende dolciarie si rivolgono ad altre regioni e all’estero",https://torino.repubblica.it/cronaca/2024/09/01/news/nocciola_piemonte_crisi-423472668/,https://www.repstatic.it/content/localirep/img/rep-torino/2024/08/31/211652242-254a9386-c9b7-43af-b9a2-ec7c309818f4.jpg,2024-08-31T23:00:00Z,"Tonda, gentile e in gravissima sofferenza per i cambiamenti climatici. Tanto che, dopo due annate di siccità e una di grandine, anche chi la coltiva da oltre trentanni non ha memoria di una stagione … [+168 chars]"
"{'id': 'la-repubblica', 'name': 'La Repubblica'}",repubblicawww@repubblica.it (Redazione Repubblica.it),Turisti nel mirino dei rapinatori: quattro casi in due giorni a Torino,"Gli episodi nell’area del Quadrilatero: mani al collo di una donna francese. Poi su un’italiana, una pm in vacanza 
 Polizia e carabinieri moltiplicano gli sforzi per monitorare la zona e fermare i predoni: l’aggressore riconosciuto e fermato",https://torino.repubblica.it/cronaca/2024/09/01/news/turisti_rapinatori-423472681/,https://www.repstatic.it/content/localirep/img/rep-torino/2024/08/31/212309281-1b84f210-77c3-4b31-a532-707b27f36d15.jpg,2024-08-31T23:00:00Z,"«Ho messo le mani sulla collanina di una donna per strappagliela ammette un ladro arrestato due giorni fa ma mi sono accorto che era finta, così lho lasciata andare». Ecco la voce di uno dei predoni … [+154 chars]"
"{'id': 'la-repubblica', 'name': 'La Repubblica'}",repubblicawww@repubblica.it (Redazione Repubblica.it),"Terra Madre, pronta l’invasione del cibo buono, pulito e giusto",Torino si prepara a ricevere dal 26 al 30 settembre a Parco Dora i rappresentanti di 180 Paesi che portano i loro prodotti tipici ma dibattono anche sul futuro del cibo e del pianeta,https://torino.repubblica.it/cronaca/2024/09/01/news/terra_madre_parco_dora_settembre-423472690/,https://www.repstatic.it/content/localirep/img/rep-torino/2024/08/31/212847700-eb6655fd-52bd-4380-bad4-9484e2aae89b.jpg,2024-08-31T23:00:00Z,"Tremila delegati di 120 Paesi, 600 espositori internazionali, 180 presìdi Slow Food dallItalia e dallestero (un terzo in più rispetto allultima edizione due anni fa). Pochi appuntamenti sono capaci d… [+213 chars]"
"{'id': 'il-sole-24-ore', 'name': 'Il Sole 24 Ore'}",,"Paralimpiadi, Gilli e Bettella conquistano altri due argenti nel nuoto",L’Italia raggiunge quota quindici medaglie in questa edizione dei Giochi,https://www.ilsole24ore.com/art/paralimpiadi-gilli-e-bettella-conquistano-altri-due-argenti-nuoto-AFrIKxdD,https://i2.res.24o.it/images2010/S24/Documenti/2024/09/01/Immagini/Ritagli/gilli-bettella-kanB-U66232171226FhW-1440x752@IlSole24Ore-Web.jpg?r=1170x507,2024-08-31T18:12:29Z,"Ascolta la versione audio dell'articolo
2' di lettura
Arrivano altre medaglie per lItalia alle Paralimpiadi di Parigi 2024. Carlotta Gilli ha conquistato largento nei 400 metri stile libero femmini… [+1600 chars]"
"{'id': 'il-sole-24-ore', 'name': 'Il Sole 24 Ore'}",di Andrea Chimento,"“Leurs enfants après eux” e “Trois amies”, il cinema francese emoziona Venezia","In lizza per il Leone d’oro due intensi film transalpini, ben scritti e interpretati, tra i più interessanti di questa prima settimana",https://www.ilsole24ore.com/art/leurs-enfants-apres-eux-e-trois-amies-cinema-francese-emoziona-venezia-AFohdwdD,https://i2.res.24o.it/images2010/S24/Documenti/2024/09/01/Immagini/Ritagli/Leurs%20enfants%20apres%20eux-k8PD-U61841606118ZCz-1440x752@IlSole24Ore-Web.jpg?r=1170x507,2024-08-31T17:49:56Z,"Ascolta la versione audio dell'articolo
3' di lettura
Parte con forza la compagine francese alla Mostra del Cinema di Venezia: in concorso sono stati presentati Leurs enfants après eux e Trois amie… [+1384 chars]"
"{'id': 'il-sole-24-ore', 'name': 'Il Sole 24 Ore'}",dalla nostra inviata Maria Luisa Colledani,Amelio Castro Grueso: in fuga dalla Colombia vi spiego come scherma e Italia mi hanno accolto,Amelio Castro Grueso. L’atleta del Team rifugiati vive a Roma e si allena conla Nazionale azzurra: «Sono qui per dimostrare che lo sport salva e rigenera»,https://www.ilsole24ore.com/art/amelio-castro-grueso-fuga-colombia-vi-spiego-come-scherma-e-italia-mi-hanno-accolto-AFErjXcD,https://i2.res.24o.it/images2010/S24/Documenti/2024/08/31/Immagini/Ritagli/grueso-kHWE-U23517204427fEO-1440x752@IlSole24Ore-Web.jpg?r=1170x507,2024-08-31T16:17:00Z,"Ascolta la versione audio dell'articolo
3' di lettura
«Annamo, Profe, è ora di allenarsi», così Amelio Castro Grueso ci mette fretta mentre chiacchieriamo al Villaggio olimpico. Chiude lintervista … [+4528 chars]"
"{'id': 'il-sole-24-ore', 'name': 'Il Sole 24 Ore'}",Infodata,La spesa sanitaria degli italiani continua ad aumentare. Ecco come viene ripartita.,"Il dato arriva dal decimo rapporto ""Il monitoraggio della spesa sanitaria"" elaborato dalla Ragioneria generale dello Stato e riguarda le spese sanitarie che vengono registrate tramite tessera sanitaria per essere portare in detrazione nella dichiarazione dei …",https://www.infodata.ilsole24ore.com/2024/08/31/la-spesa-sanitaria-degli-italiani-continua-ad-aumentare-ecco-come-viene-ripartita/,https://www.infodata.ilsole24ore.com/wp-content/uploads/sites/89/2024/08/Dashboard-1-2024-08-27T130523.628.jpg,2024-08-31T16:16:31Z,Il dato arriva dal decimo rapporto Il monitoraggio della spesa sanitaria elaborato dalla Ragioneria generale dello Stato e riguarda le spese sanitarie che vengono registrate tramite tessera sanitaria… [+2103 chars]
"{'id': 'la-repubblica', 'name': 'La Repubblica'}",repubblicawww@repubblica.it (Redazione Repubblica.it),"“Il parroco ha una relazione e si dimette”, l’annuncio nel Cuneese. Il sacerdote ha avviato la procedura per tornare laico","Don Tomas Hlavaty era da anni alla guida delle parrocchie di Feisoglio, Borgomale, Bosia, Castino, Cravanzana e Niella Belbo della diocesi di Alba",https://torino.repubblica.it/cronaca/2024/08/31/news/alba_parroco_relazione_dimissioni_cuneo-423472368/,https://www.repstatic.it/content/localirep/img/rep-torino/2024/08/31/174106618-c530c15b-d88f-4628-b2c8-65d588755689.jpg,2024-08-31T15:42:47Z,"Da due mesi non lo si vedeva in chiesa per un problema di salute, ma oggi lannuncio inatteso per la comunità: il parroco lascia la parrocchia e labito talare a seguito di una relazione sentimentale c… [+888 chars]"
"{'id': 'la-repubblica', 'name': 'La Repubblica'}",repubblicawww@repubblica.it (Redazione Repubblica.it),"Kayo Mesquita Sousa, promessa della Mappanese calcio, muore a 14 anni in un incidente in Spagna",Il ragazzo era in viaggio con i genitori: tamponamento a catena nei pressi di Valencia. Il cordoglio della società,https://torino.repubblica.it/cronaca/2024/08/31/news/kayo_mesquita_sousa_promessa_quattordicenne_della_mappanese_calcio_muore_in_un_incidente_in_spagna-423472217/,https://www.repstatic.it/content/localirep/img/rep-torino/2024/08/31/152434940-35b743cf-0c6d-4af6-b3cd-043dbc6b039b.jpg,2024-08-31T13:34:13Z,"È morto a 14 anni in un incidente stradale in SpagnaKayo Mesquita Sousa, talento delle giovanili a Mappano, comune a pochi chilometri da Torino.Il baby calciatore era in vacanza insieme alla famiglia… [+854 chars]"
"{'id': 'il-sole-24-ore', 'name': 'Il Sole 24 Ore'}",Infodata,"Topo, balena e maiale: quanto volte al minuto il cuore degli animali?","Il frenetico ronzio di un colibrì è accompagnato da un cuore che pulsa fino a 225 volte al minuto, mentre le maestose balene blu si muovono con un cuore che batte appena due volte al minuto.  Un'analisi dei dati del Merck Veterinary Manual rivela che gli anim…",https://www.infodata.ilsole24ore.com/2024/08/31/topo-balena-e-maiale-quanto-volte-al-minuto-il-cuore-degli-animali/,https://www.infodata.ilsole24ore.com/wp-content/uploads/sites/89/2024/08/resting.jpg,2024-08-31T12:13:47Z,"Le regole della Community
Il Sole 24 ORE incoraggia i lettori al dibattito ed al libero scambio di opinioni sugli argomenti oggetto di discussione nei nostri articoli. I commenti non devono necessar… [+1942 chars]"
"{'id': 'il-sole-24-ore', 'name': 'Il Sole 24 Ore'}",Infodata,L’identificazione religiosa nella regione asiatica sta subendo notevoli cambiamenti,"L’identificazione religiosa nella regione asiatica sta subendo notevoli cambiamenti: sempre più persone affermano di essere cresciute con un’identità religiosa diversa da quella che ora dicono di praticare.
Le percentuali di coloro che sono passati dalla loro…",https://www.infodata.ilsole24ore.com/2024/08/31/lidentificazione-religiosa-nella-regione-asiatica-sta-subendo-notevoli-cambiamenti/,https://www.infodata.ilsole24ore.com/wp-content/uploads/sites/89/2024/08/PR_2024.06.17_religion-in-east-asia_0-09.jpg,2024-08-31T10:11:44Z,"Le regole della Community
Il Sole 24 ORE incoraggia i lettori al dibattito ed al libero scambio di opinioni sugli argomenti oggetto di discussione nei nostri articoli. I commenti non devono necessar… [+1942 chars]"
"{'id': 'la-repubblica', 'name': 'La Repubblica'}",repubblicawww@repubblica.it (Redazione Repubblica.it),"Pusher assassinato, la confessione del sedicenne: “Aveva tentato di violentarmi ma non volevo ucciderlo”","Il ragazzo fermato a Malpensa per l’omicidio di Hamza Moutik: “Ha voluto incontrarmi per un chiarimento, qualcuno mi ha messo in mano un coltello poi lui mi si è avventato contro”",https://torino.repubblica.it/cronaca/2024/08/31/news/pusher_assassinato_la_confessione_del_sedicenne_aveva_tentato_di_violentarmi_ma_non_volevo_ucciderlo-423471938/,https://www.repstatic.it/content/localirep/img/rep-torino/2024/08/31/114059806-2d559c39-b8d8-42f2-af1b-a15a5dabe4c6.jpg,2024-08-31T09:41:32Z,"«Mi dispiace, non volevo colpirlo, mi è venuto addosso per aggredirmi ». Lammissione del baby killer e la caccia al terzo uomo. Il sedicenne indagato per lomicidio di Hamza Moutik, il pusher marocchi… [+2329 chars]"
"{'id': 'la-repubblica', 'name': 'La Repubblica'}",repubblicawww@repubblica.it (Redazione Repubblica.it),"Ruba il bancomat del vicino al ristorante per comprarsi sigarette e Gratta e vinci, poi torna al tavolo: arrestato",Ad accorgersi “in diretta” degli ammanchi è stato il derubato che ha affrontato il ladro al suo ritorno,https://torino.repubblica.it/cronaca/2024/08/31/news/ruba_il_bancomat_del_vicino_al_ristorante_per_comprarsi_sigarette_e_gratta_e_vinci_poi_torna_al_tavolo_arrestato-423471900/,https://www.repstatic.it/content/localirep/img/rep-torino/2024/08/31/111510042-0413d53d-e740-4abc-a7d6-4d1d58b82a1a.jpg,2024-08-31T09:16:29Z,"Dopo aver rubato un bancomat lo ha usato per acquistare sigarette e gratta e vinci. Nei guai è finito un uomo di 40 anni, arrestato dalla polizia di Torino per furto con destrezza e indebito utilizzo… [+1049 chars]"
"{'id': 'la-repubblica', 'name': 'La Repubblica'}",repubblicawww@repubblica.it (Redazione Repubblica.it),"Base jumper muore in Valle d’Aosta, il paracadute si è aperto ma non ha frenato la caduta","Il corpo del giovane uomo, che abitava a Roma, ritrovato nella tarda serata di ieri in val di Rhêmes dopo l’allarme lanciato dal fratello",https://torino.repubblica.it/cronaca/2024/08/31/news/base_jumper_muore_in_valle_daosta_il_paracadute_si_e_aperto_ma_non_e_bastato-423471877/,https://www.repstatic.it/content/localirep/img/rep-torino/2024/08/31/105734096-8dbf162b-6b7f-40fa-b82d-cffd1188cfce.jpg,2024-08-31T08:57:35Z,"Un base jumper è morto in Valle dAosta precipitando al termine di un volo, quando aveva già aperto il paracadute. E successo ieri ma il corpo è stato ritrovato solo in tarda serata. Il giovane, origi… [+1492 chars]"
"{'id': 'la-repubblica', 'name': 'La Repubblica'}",repubblicawww@repubblica.it (Redazione Repubblica.it),"Sfregia il rivale, lo pestano in 40: è guerra in carcere a Torino tra detenuti albanesi e marocchini, feriti due agenti","Spedizione punitiva seguendo il carrello del vitto: il “commando” sfonda i cancelli, aggredisce gli operatori e ruba loro le chiavi della sezione",https://torino.repubblica.it/cronaca/2024/08/31/news/sfregia_il_viso_al_rivale_lo_pestano_in_40_e_guerra_in_carcere_a_torino_tra_detenuti_albanesi_e_marocchini_feriti_due_age-423471808/,https://www.repstatic.it/content/localirep/img/rep-torino/2024/08/31/100441009-1eeaeff9-61f4-4bdb-9843-eb3cc673c9a0.jpg,2024-08-31T08:06:34Z,"Arancia meccanica in carcere a Torino. Al Lorusso e Cutugno è in corso una sanguinosa faida tra detenuti marocchini e albanesi. Giovedì, i primi avevano sfregiato al viso un detenuto albanese, ieri è… [+175 chars]"
"{'id': 'la-repubblica', 'name': 'La Repubblica'}",repubblicawww@repubblica.it (Redazione Repubblica.it),Un bambino che gioca: dal disegno al gol c’è il sogno di una vita,"Al festival di Venezia “Tappeto verde”, il cortometraggio di Yuri Ancarani: il lavoro del regista viaggia da un campo immaginario sulla spiaggia all’erba dello Stadium dove troverà Claudio Marchisio",https://torino.repubblica.it/cronaca/2024/08/31/news/un_bambino_che_gioca_dal_disegno_al_gol_ce_il_sogno_di_una_vita-423471746/,https://www.repstatic.it/content/localirep/img/rep-torino/2024/08/31/092415003-c346e050-f727-4afe-8e30-d0a0be880b1c.jpg,2024-08-31T07:29:26Z,"È un disegno su un foglio di carta e sullerba. È un sogno, ma è anche un cortometraggio. È un rastrello, è un trattore, è un calciatore che prende forma e si mette a palleggiare con un bambino."
"{'id': 'la-repubblica', 'name': 'La Repubblica'}",repubblicawww@repubblica.it (Redazione Repubblica.it),Pierluigi Vaccaneo: “Con le sue illusioni di gioventù Donna Tartt ci ricorda il Diavolo sulle colline”,"Il direttore della Fondazione Cesare Pavese: “Da lettore tu cresci con il personaggio, un ragazzo californiano che rifiuta di lavorare nell’azienda di famiglia e riesce a entrare all’università”",https://torino.repubblica.it/cronaca/2024/08/31/news/vaccaneo_con_le_sue_illusioni_di_gioventu_donna_tartt_ci_ricorda_il_diavolo_sulle_colline-423471723/,https://www.repstatic.it/content/localirep/img/rep-torino/2024/08/31/091330992-a0622972-76b4-44f2-b8ed-41ecb37d621b.jpg,2024-08-31T07:15:49Z,"Francesca Bolino
«I miei libri dellestate sono stati due, un saggio e un romanzo, ragione ed emozione: non so dire quale mi sia piaciuto di più». Pierluigi Vaccaneo, direttore della Fondazione Cesar… [+103 chars]"
"{'id': 'il-sole-24-ore', 'name': 'Il Sole 24 Ore'}",Luca Tremolada,"Le elezioni Usa, i deepfake di Kamala Harris e Donald Trump e la strategia dei meme","All'inizio di agosto l'ex presidente degli Stati Uniti Donald Trump ha deciso che sarebbe stato divertente accusare la vicepresidente degli Stati Uniti, Kamala Harris, di aver usato l'intelligenza artificiale nelle immagini che mostrano una grande folla che l…",https://www.infodata.ilsole24ore.com/2024/08/31/le-elezioni-usa-i-deepfake-di-kamala-harris-e-donald-trump-e-la-strategia-dei-meme/,https://www.infodata.ilsole24ore.com/wp-content/uploads/sites/89/2024/08/DALL·E-2024-08-25-18.33.44-A-powerful-image-depicting-the-dangers-of-deepfake-technology-during-a-United-States-election-campaign.-In-the-foreground-a-politicians-face-is-spli1.jpg,2024-08-31T07:10:43Z,"Allinizio di agosto lex presidente degli Stati Uniti Donald Trump ha deciso che sarebbe stato divertente accusare la vicepresidente degli Stati Uniti, Kamala Harris, di aver usato lintelligenza artif… [+8553 chars]"
"{'id': 'la-repubblica', 'name': 'La Repubblica'}",repubblicawww@repubblica.it (Redazione Repubblica.it),"La proprietaria di Stratta: “Riapro dopo il vuoto, peccato per i turisti ma Torino non aiuta”","Monica Werling, titolare della celebre confetteria in piazza San Carlo: “Questa non è una città che in agosto funziona a pieno regime: restare aperti ci danneggerebbe”",https://torino.repubblica.it/cronaca/2024/08/31/news/la_proprietaria_di_stratta_riapro_dopo_il_vuoto_peccato_per_i_turisti_ma_torino_non_aiuta-423471701/,https://www.repstatic.it/content/localirep/img/rep-torino/2024/08/31/090149505-e8e817b3-f4b0-44e8-8b7c-2c4d703cf60f.jpg,2024-08-31T07:01:55Z,"Anche uno dei locali più storici di Torino, la confetteria Stratta, ha chiuso i battenti per ferie dal 12 agosto scorso e ha riaperto ieri. «Ne abbiamo approfittato per rinfrescare gli stucchi, tinte… [+86 chars]"
"{'id': 'la-repubblica', 'name': 'La Repubblica'}",repubblicawww@repubblica.it (Redazione Repubblica.it),Posti a pagamento durante i concerti: l’idea per i dehors di piazza San Carlo,"La città riparte dopo la pausa estiva, riunione di commercianti e assessori sui grandi eventi dell’autunno a partire da MiTo. Disagi per i cantieri: chiude quello di piazza della Repubblica ma se ne avvia uno in via Nizza a ridosso di piazza Carducci",https://torino.repubblica.it/cronaca/2024/08/31/news/posti_a_pagamento_durante_i_concerti_lidea_per_i_dehors_di_piazza_san_carlo-423471681/,https://www.repstatic.it/content/localirep/img/rep-torino/2024/08/31/084533819-68fdb3a9-6033-41d2-8a8f-280bf82b1425.jpg,2024-08-31T06:45:40Z,"La città riparte. Da lunedì il metrò torna a funzionare con il sollievo di molti torinesi che hanno fatto rientro alla quotidianità, mentre genitori e studenti già si muovono tra librerie e cartoleri… [+39 chars]"
"{'id': 'il-sole-24-ore', 'name': 'Il Sole 24 Ore'}",,"Guerra, ultime notizie. Kiev, il bilancio dell’attacco a Kharkiv sale a 7 morti e 97 feriti","Il bilancio dell’attacco condotto dai russi con una bomba planante sulla città ucraina di Kharkiv. I feriti sono 97, tra cui 22 bambini",https://www.ilsole24ore.com/art/guerra-ultime-notizie-kiev-bilancio-dell-attacco-kharkiv-sale-7-morti-e-97-feriti-AFUncSdD,https://i2.res.24o.it/images2010/S24/Documenti/2024/09/01/Immagini/Ritagli/269354a106515117288ee9921256bdf1-U45874246636HcK-1440x752@IlSole24Ore-Web.jpg?r=1170x507,2024-08-31T06:16:00Z,"Sale a 7 morti il bilancio dellattacco condotto dai russi con una bomba planante sulla città ucraina di Kharkiv mentre i feriti sono 97, tra cui 22 bambini. Lo ha riferito il capo dellAmministrazione… [+454 chars]"
"{'id': 'il-sole-24-ore', 'name': 'Il Sole 24 Ore'}",di Stefano Salis,"Riccardo Muti, un Attila eroe solitario e i saperi trasferiti","Non le conta più, le volte che ha diretto in Giappone, Riccardo Muti. Eppure, ancora una volta, da questa settimana volerà con la sua Italia Opera Academy alla volta di...",https://www.ilsole24ore.com/art/riccardo-muti-attila-eroe-solitario-e-saperi-trasferiti-AFaRKUcD,https://i2.res.24o.it/images2010/S24/Documenti/2024/08/31/Immagini/Ritagli/GettyImages-536042343-kfNE--1440x752@IlSole24Ore-Web.jpg?r=1170x507,2024-08-31T06:12:29Z,"Ascolta la versione audio dell'articolo
3' di lettura
Non le conta più, le volte che ha diretto in Giappone, Riccardo Muti. Eppure, ancora una volta, da questa settimana volerà con la sua Italia Op… [+3383 chars]"
"{'id': 'il-sole-24-ore', 'name': 'Il Sole 24 Ore'}",,"Germania, donna armata di coltello ferisce 5 persone su un autobus a Siegen","Una donna di 32 anni ha colpito cinque persone con un lama, ferendone tre in modo grave, su un autobus di linea a Siegen, nel Nordreno-Westfalia",https://www.ilsole24ore.com/art/germania-donna-armata-coltello-ferisce-5-persone-un-autobus-siegen-AFNLS9cD,https://i2.res.24o.it/images2010/S24/Documenti/2024/08/31/Immagini/Ritagli/114724559-d7c62e61-3799-492c-a72f-28d32e9d6231-kfoD-U61780123204bNk-1440x752@IlSole24Ore-Web.jpg?r=1170x507,2024-08-30T21:21:29Z,"Ascolta la versione audio dell'articolo
1' di lettura
Ancora un attacco con coltello in Germania, dove stasera una donna di 32 anni ha colpito cinque persone con un lama, ferendone tre in modo grav… [+969 chars]"
"{'id': 'il-sole-24-ore', 'name': 'Il Sole 24 Ore'}",,"Brasile, la Corte suprema ordina il blocco del social network X",La decisione arriva dopo che la Corte aveva utilizzato il proprio profilo per pubblicare un documento firmato dal giudice de Moraes in cui chiedeva a Elon Musk di presentare entro 24 ore il nome del nuovo rappresentante legale di X in Brasile,https://www.ilsole24ore.com/art/brasile-corte-suprema-ordina-blocco-social-network-x-AFfPP8cD,https://i2.res.24o.it/images2010/S24/Documenti/2024/08/31/Immagini/Ritagli/00dfac3ce5617fa1eeb434b008795c30-U10373304432DXv-1440x752@IlSole24Ore-Web.jpg?r=1170x507,2024-08-30T20:36:01Z,"Ascolta la versione audio dell'articolo
2' di lettura
Il ministro Alexandre de Moraes, della Corte Suprema Federale, ha ordinato il blocco del social network X dopo che la piattaforma non ha nomina… [+2037 chars]"
"{'id': 'il-sole-24-ore', 'name': 'Il Sole 24 Ore'}",,"Paralimpiadi, con il nuoto e il taekwondo l’Italia va ancora sul podio","Nella seconda giornata di gare la delegazione azzurra ha fatto ancora bottino - anche se meno ricco - sempre grazie al nuoto, con tre medaglie, e con il primo storico podio ottenuto nel taekwondo",https://www.ilsole24ore.com/art/paralimpiadi-il-nuoto-e-taekwondo-l-italia-va-ancora-podio-AFTgn5cD,https://i2.res.24o.it/images2010/S24/Documenti/2024/08/31/Immagini/Ritagli/d7e66e5af1f17aabfcc824f1eaa35be4-U76243831525xzi-1440x752@IlSole24Ore-Web.jpg?r=1170x507,2024-08-30T19:51:07Z,"Ascolta la versione audio dell'articolo
3' di lettura
Le nove medaglie di ieri hanno illuminato lapertura delle Paralimpiadi per la delegazione italiana, che nella seconda giornata di gare a Parigi… [+2128 chars]"
"{'id': 'il-sole-24-ore', 'name': 'Il Sole 24 Ore'}","di Alberto Magnani (Il Sole 24 Ore, Italia), Lola García-Ajofrín (El Confidencial, Spagna)","Migranti, le rassomiglianze di Meloni e Sanchez sui flussi «regolari»","Dai presupposti più diversi, i due premier finiscono per sovrapporsi su alcuni modelli. A cominciare dall’insistenza sulle migrazioni «regolari»",https://www.ilsole24ore.com/art/migranti-rassomiglianze-meloni-e-sanchez-flussi-regolari-AFQRAVbD,https://i2.res.24o.it/images2010/S24/Documenti/2024/08/30/Immagini/Ritagli/AFP_36EY4PU-U53873347184ZVY-1440x752@IlSole24Ore-Web.jpg?r=1170x507,2024-08-30T19:40:27Z,"Ascolta la versione audio dell'articolo
7' di lettura
I paragoni fra leader possono essere oziosi. Lultimo viaggio del premier spagnolo Pedro Sanchez, un tour de force fra Mauritania, Gambia e Sene… [+5826 chars]"
"{'id': 'la-repubblica', 'name': 'La Repubblica'}",repubblicawww@repubblica.it (Redazione Repubblica.it),La Chiesa valdese boccia l’autonomia differenziata e chiede lo ius soli: “Farà bene al Paese”,Si chiude a Torre Pellice il Sinodo. Alessandra Trotta confermata Moderatora della Tavola Valdese,https://torino.repubblica.it/cronaca/2024/08/30/news/la_chiesa_valdese_boccia_lautonomia_differenziata_e_chiede_lo_ius_soli_fara_bene_al_paese-423471293/,https://www.repstatic.it/content/localirep/img/rep-torino/2024/08/30/203031319-4b7e26b7-b0fc-4351-8d67-6bdc27ed8614.jpg,2024-08-30T18:30:35Z,"Dallappello a prendere posizione a favore del diritto di cittadinanza per le persone italiane per nascita, cultura e formazione, alla preoccupazione per lautonomia differenziata e il sovraffollamento… [+2391 chars]"
"{'id': 'il-sole-24-ore', 'name': 'Il Sole 24 Ore'}",Infodata,La Cina ha più brevetti degli Stati Uniti. Chi guida la corsa all’intelligenza artificiale?,"La Cina è molto più avanti rispetto agli altri Paesi nelle invenzioni basate sull'intelligenza artificiale generativa, come i chatbot, e ha depositato sei volte più brevetti rispetto al suo più vicino concorrente, gli Stati Uniti. Questo i secondo i dati dell…",https://www.infodata.ilsole24ore.com/2024/08/30/la-cina-ha-piu-brevetti-degli-stati-uniti-chi-guida-la-corsa-allintelligenza-artificiale/,https://www.infodata.ilsole24ore.com/wp-content/uploads/sites/89/2024/07/WhatsApp-Image-2024-07-04-at-12.06.21.jpeg,2024-08-30T17:02:46Z,"Le regole della Community
Il Sole 24 ORE incoraggia i lettori al dibattito ed al libero scambio di opinioni sugli argomenti oggetto di discussione nei nostri articoli. I commenti non devono necessar… [+1942 chars]"
"{'id': 'il-sole-24-ore', 'name': 'Il Sole 24 Ore'}",di Carlo Andrea Finotto,"Nizza: alla scoperta della regina della Costa Azzurra tra luce, arte e influenze italiane","Musei imperdibili, il dedalo della città vecchia, le spiagge lungo la Promenade des Anglais, le trasformazioni urbane e i grandi eventi hanno portato la capitale della Costa Azzurra a essere la seconda città di Francia nel turismo",https://www.ilsole24ore.com/art/nizza-scoperta-regina-costa-azzurra-luce-arte-e-influenze-italiane-AFEreRcD,https://i2.res.24o.it/images2010/S24/Documenti/2024/08/31/Immagini/Ritagli/024_4793881-kZt-U06506412743FOm-1440x752@IlSole24Ore-Web.jpg?r=1170x507,2024-08-30T16:44:12Z,"Ascolta la versione audio dell'articolo
4' di lettura
«Quando mi resi conto che ogni mattina avrei rivisto quella luce, non riuscii a credere alla mia felicità. Decisi che non avrei più lasciato Ni… [+3478 chars]"
"{'id': 'il-sole-24-ore', 'name': 'Il Sole 24 Ore'}",,"Accoltellati diversi turisti a Taba, in Egitto","Diversi turisti sono stati accoltellati nella città egiziana di Taba, al confine con Israele. Lo riferisce al Arabiya che cita la tv egiziana Al-Qahera News. Un aggiornamento del canale, che...",https://www.ilsole24ore.com/art/accoltellati-diversi-turisti-taba-egitto-AFOCjscD,https://i2.res.24o.it/images2010/S24/Documenti/2024/08/31/Immagini/Ritagli/taba2-U48010418701QuM-1440x752@IlSole24Ore-Web.jpg?r=1170x507,2024-08-30T16:40:03Z,"Ascolta la versione audio dell'articolo
1' di lettura
E di quattro feriti, tra i quali tre arabo israeliani, il nuovo bilancio che arriva dalla città egiziana di Taba, al confine con Israele. A rif… [+452 chars]"
"{'id': 'il-sole-24-ore', 'name': 'Il Sole 24 Ore'}",dal nostro corrispondente Beda Romano,Perchè Ucraina e Gaza riavvicinano Unione europea e Turchia,"Il ministro degli Esteri Fidan ha incontrato i capi delle diplomazie Ue in occasione di un consiglio informale dominato dal dibattito sulle armi occidentali a Kiev. Tra Bruxelles e Ankara restano distanze consistenti, ma i colloqui sono stati definiti «costru…",https://www.ilsole24ore.com/art/perche-ucraina-e-gaza-riavvicinano-unione-europea-e-turchia-AFepxfcD,https://i2.res.24o.it/images2010/S24/Documenti/2024/08/31/Immagini/Ritagli/2024-08-29T102845Z_670651297_RC25V8A1P29V_RTRMADP_5_EU-FOREIGN-TURKEY-U82178418613pYc-1440x752@IlSole24Ore-Web.JPG?r=1170x507,2024-08-30T14:06:58Z,"Ascolta la versione audio dell'articolo
2' di lettura
BRUXELLES - Per la prima volta in cinque anni il ministro degli Esteri turco, Hakan Fidan, ha incontrato giovedì i suoi omologhi europei, nel d… [+2218 chars]"
"{'id': 'il-sole-24-ore', 'name': 'Il Sole 24 Ore'}",Infodata,Cosa è successo dall’inizio dell’universo?,"Cosa è successo dall'inizio dell'universo?   L'illustratore  Pablo Carlos Budassi - via Wikipedia - ha realizzato questa spirale temporale con al centro il Big Bang, ovvero il momento in cui il tempo come lo conosciamo oggi sarebbe iniziato, 13,8 miliardi di …",https://www.infodata.ilsole24ore.com/2024/08/30/cosa-e-successo-dallinizio-delluniverso/,https://www.infodata.ilsole24ore.com/wp-content/uploads/sites/89/2024/07/TimeSpir0.jpg,2024-08-30T13:58:28Z,"Le regole della Community
Il Sole 24 ORE incoraggia i lettori al dibattito ed al libero scambio di opinioni sugli argomenti oggetto di discussione nei nostri articoli. I commenti non devono necessar… [+1942 chars]"
"{'id': 'il-sole-24-ore', 'name': 'Il Sole 24 Ore'}",di Enrico Marro,Il valore della filosofia nel management: riflessioni per i manager moderni,"«Philosophy Inc» rilegge le teorie del management attraverso il pensiero dei grandi della filosofia. Tra etica e humour. Ne parliamo con l’autore, Santiago Iñiguez de Onzoño, presidente della IE University",https://www.ilsole24ore.com/art/perche-manager-devono-tornare-studiare-filosofia-AFC3uzYD,https://i2.res.24o.it/images2010/S24/Documenti/2024/08/28/Immagini/Ritagli/S1-U17228267867RMV-1440x752@IlSole24Ore-Web.jpg?r=1170x507,2024-08-30T13:56:00Z,"Santiago Iñiguez de Onzoño è presidente della IE University di Madrid, ma fa parte anche dei board di molte altre istituzioni universitarie: cinesi come la Renmin o lAntai, francesi come la Mazars, b… [+2128 chars]"
"{'id': 'la-repubblica', 'name': 'La Repubblica'}",repubblicawww@repubblica.it (Redazione Repubblica.it),La festa è nera di fuligine: in arrivo mille spazzacamini da tutta Europa al raduno nazionale in Val Vigezzo,"Accompagnati dagli attrezzi del mestiere, con i volti colorati di fuliggine e con indosso gli abiti di lavoro tradizionali tutti neri, tranne per la delegazione olandese che si differenzia da sempre con la propria candida divisa",https://torino.repubblica.it/cronaca/2024/08/30/news/mille_spazzacamini_da_tutta_europa_raduno_nazionale_val_vigezzo-423470843/,https://www.repstatic.it/content/localirep/img/rep-torino/2024/08/30/154117995-a138671b-a3d3-40e2-9c5b-b9f50ac48a5d.jpg,2024-08-30T13:41:30Z,"C'è chi qui ha scelto di chiedere in sposa l'amore della propria vita, e chi festeggia goliardicamente a boccali di birra. Chi si fa accompagnare dai propri cagnolini, anch'essi con indosso la ""divis… [+4558 chars]"
"{'id': 'il-sole-24-ore', 'name': 'Il Sole 24 Ore'}",di Andrea Chimento,"“One to One”, a Venezia un documentario su John e Yoko ricco di materiali inediti","Fuori concorso al Lido il nuovo lungometraggio di Kevin Macdonald, regista esperto nel raccontare con l’utilizzo dei filmati d’archivio",https://www.ilsole24ore.com/art/one-to-one-venezia-documentario-john-e-yoko-ricco-materiali-inediti-AFmPXdcD,https://i2.res.24o.it/images2010/S24/Documenti/2024/08/31/Immagini/Ritagli/One%20to%20One%20-%20John%20%20Yoko-kwfH-U73661104820kni-1440x752@IlSole24Ore-Web.jpg?r=1170x507,2024-08-30T13:20:14Z,"Ascolta la versione audio dell'articolo
3' di lettura
Dopo Bob Marley e Whitney Houston è arrivato il turno di John Lennon e Yoko Ono: fuori concorso alla Mostra del Cinema di Venezia è stato prese… [+1303 chars]"
"{'id': 'il-sole-24-ore', 'name': 'Il Sole 24 Ore'}",di Marco Masciaga,"India, rallenta la crescita del Pil nel secondo trimestre: +6,7%","C’è consenso tra gli osservatori sul fatto che le imprese stanno continuando a privilegiare una certa prudenza negli investimenti, senza contare che a luglio il sentiment dei consumatori si è contratto per il secondo mese consecutivo",https://www.ilsole24ore.com/art/india-rallenta-crescita-pil-secondo-trimestre-67percento-AF17PZcD,https://i2.res.24o.it/images2010/S24/Documenti/2024/08/31/Immagini/Ritagli/india-economia-U41324768431CTL-1440x752@IlSole24Ore-Web.jpg?r=1170x507,2024-08-30T12:58:03Z,"Anche la spesa pubblica ha pesato sul dato del Pil. Nei mesi scorsi, il governo indiano ha ridotto gli investimenti in vista delle elezioni, che si sono protratte per più di sei settimane fino al 1º … [+1760 chars]"
"{'id': 'il-sole-24-ore', 'name': 'Il Sole 24 Ore'}",di Redazione Moda,"La Camera della Moda prende le distanze da Maria Rosaria Boccia: «Nessun rapporto, tuteleremo il nostro marchio»","La presunta consigliera per i Grandi Eventi del ministero della Cultura si definisce “presidente della Fashion Week Milano Moda”, che però non ha alcun legame con la settimana della moda organizzata fin dal 1958 a Milano",https://www.ilsole24ore.com/art/la-camera-moda-prende-distanze-maria-rosaria-boccia-nessun-rapporto-tuteleremo-nostro-marchio-AFnmAbcD,https://i2.res.24o.it/images2010/S24/Documenti/2024/08/31/Immagini/camera-nazionale-della-moda30.jpg?r=1170x507,2024-08-30T12:38:34Z,"Ascolta la versione audio dell'articolo
1' di lettura
Assurta alle cronache per la sua presunta nomina come consigliera del ministero della Cultura, Maria Rosaria Boccia si definisce nel suo profil… [+1582 chars]"
"{'id': 'il-sole-24-ore', 'name': 'Il Sole 24 Ore'}",Luca Tremolada,"Fakenews e misinformazione, come rispondono i chatbot? Leggermente meglio. L’analisi di Newsguard","Rispetto a un mese fa l'intelligenza artificiale generativa è ""leggermente"" più affidabile. E' quanto emerge dall'AI News Misinformation Monitor di Newsguard di agosto: ""i risultati sono leggermente più incoraggianti di quelli dell'audit di luglio, ma mettono…",https://www.infodata.ilsole24ore.com/2024/08/30/fakenews-e-misinformazione-come-rispondono-i-chatbot-leggermente-meglio-lanalisi-di-newsguard/,https://www.infodata.ilsole24ore.com/wp-content/uploads/sites/89/2024/08/statistic_id381455_most-trusted-sources-of-general-news-and-information-worldwide-2011-2023.jpg,2024-08-30T11:41:33Z,Rispetto a un mese fa lintelligenza artificiale generativa è leggermente più affidabile. E quanto emerge dallAI News Misinformation Monitor di Newsguard di agosto: i risultati sono leggermente più in… [+2972 chars]
"{'id': 'il-sole-24-ore', 'name': 'Il Sole 24 Ore'}",di Giulia Paganoni,Brembo ospita Carlos Sainz Senior per scoprire i segreti e l’evoluzione degli impianti frenanti,"Alla vigilia del Gran Premio di Formula 1 di Monza, un grande campione di rally e non solo ha visitato il Quartier Generale del costruttore di impianti bergamasco.",https://www.ilsole24ore.com/art/brembo-ospita-carlos-sainz-senior-scoprire-segreti-e-l-evoluzione-impianti-frenanti-AFbHbWcD,https://i2.res.24o.it/images2010/S24/Documenti/2024/08/31/Immagini/Ritagli/Sainz%20con%20igegneri%20Brembo-kxI--1440x752@IlSole24Ore-Web.jpg?r=1170x507,2024-08-30T11:13:43Z,"Ascolta la versione audio dell'articolo
2' di lettura
Carlo Sainz Senior non ha resistito e in occasione del Gran Premio dItalia, nel quale partecipa il figlio con i colori Ferrari, ha deciso di fa… [+1915 chars]"
"{'id': 'la-repubblica', 'name': 'La Repubblica'}",repubblicawww@repubblica.it (Redazione Repubblica.it),"Strage di Brandizzo, lacrime e rabbia alla commemorazione delle cinque vittime nel primo anniversario: “Non si può morire così”",Parenti delle vittime ancora senza risposte. E intanto la società per cui lavoravano gli operai morti è tornata al lavoro sui binari con un nuovo nome,https://torino.repubblica.it/cronaca/2024/08/30/news/strage_di_brandizzo_lacrime_e_rabbia_cinque_operai_morti-423469207/,https://www.repstatic.it/content/localirep/img/rep-torino/2024/08/30/110445283-f45e21ee-b305-410c-8973-c4b60f17cd8f.jpg,2024-08-30T09:04:53Z,"Una persona che va a lavorare deve tornare a casa, non è possibile nel 2024 morire sul lavoro. Il video di mio fratello chiede giustizia e siamo tutti qua uniti per chiedere giustizia per le vittime.… [+2785 chars]"
"{'id': 'la-repubblica', 'name': 'La Repubblica'}",repubblicawww@repubblica.it (Redazione Repubblica.it),"Candidato della Lega a Settimo promuove su TikTok le ronde contro gli spacciatori. Nelle case trovate pistola a salve, tirapugni e finto distintivo","Tre militanti di estrema destra denunciati dalla digos per usurpazione di funzioni pubbliche, l’animatore del gruppo è Frank Masha",https://torino.repubblica.it/cronaca/2024/08/30/news/candidato_della_lega_a_settimo_tiktok_ronde-423469108/,https://www.repstatic.it/content/localirep/img/rep-torino/2024/08/30/101630239-b76a1e9c-95bf-4b96-8e28-75b1f84d4819.jpg,2024-08-30T08:16:33Z,Lex candidato della Lega a Settimo Torinese etiktoker Frank Masha propagandava sul suo profilo le ronde per allontanare gli spacciatori dai parchi pubblici delle periferie di Torino. Il 29 luglio con… [+979 chars]
"{'id': 'la-repubblica', 'name': 'La Repubblica'}",repubblicawww@repubblica.it (Redazione Repubblica.it),Con The Jesus and Mary Chain Todays si avvia verso il gran finale,"Da stasera a lunedì il trip hop dei Massive Attack, il pop di Mahmood",https://torino.repubblica.it/cronaca/2024/08/30/news/con_the_jesus_and_mary_chain_todays_si_avvia_verso_il_gran_finale-423468961/,https://www.repstatic.it/content/localirep/img/rep-torino/2024/08/30/090037887-abeceafe-c0b7-4dac-b432-4aa4fce2af07.jpg,2024-08-30T07:00:45Z,L'ascolto è riservato agli abbonati premium
"{'id': 'il-sole-24-ore', 'name': 'Il Sole 24 Ore'}",di Angelo Curtolo,"Atene e Melo nello spettacolo di Baricco, per il RomaEuropaFestival","Dal 6 al 22 la 18a edizione del Festival MiTo, che si sviluppa nelle due città fra concerti sinfonici e da camera",https://www.ilsole24ore.com/art/atene-e-melo-spettacolo-baricco-il-romaeuropafestival-AFtjYFcD,https://i2.res.24o.it/images2010/S24/Documenti/2024/08/31/Immagini/Ritagli/Giovanni-Sollima-e-100-celli-fotoMatteoRovella-klgE-U55407503510esU-1440x752@IlSole24Ore-Web.jpg?r=1170x507,2024-08-30T06:33:28Z,"Ascolta la versione audio dell'articolo
2' di lettura
Offrirà sicuramente numerosi spunti di riflessione sullattualità il racconto della guerra tra Atene e Melo nello spettacolo di Baricco, per il … [+2144 chars]"
"{'id': 'la-repubblica', 'name': 'La Repubblica'}",repubblicawww@repubblica.it (Redazione Repubblica.it),Le indagini dopo Brandizzo continuano su regole e appalti,I pm chiederanno una proroga sui tempi Viglione: “Non ci poniamo limiti”,https://torino.repubblica.it/cronaca/2024/08/30/news/le_indagini_dopo_brnadizzo_continuano_su_regole_e_appalti-423468864/,https://www.repstatic.it/content/localirep/img/rep-torino/2024/08/30/081822448-f0bd5e65-6ff7-456c-90b6-8f867f2d2b18.jpg,2024-08-30T06:19:02Z,"«Il lavoro dello Spresal è ancora in corso» spiega la procuratrice capo Gabriella Viglione, alla guida della procura di Ivrea una delle più sotto organico dItalia che conduce le indagini sulla strage… [+228 chars]"
"{'id': 'il-sole-24-ore', 'name': 'Il Sole 24 Ore'}",di Andrea Chimento,"“MaXXXine”, la conclusione della trilogia è un omaggio al cinema di genere",Arriva nelle sale il terzo capitolo del franchise diretto da Ti West e con protagonista Mia Goth. Tra le novità anche “Invelle” di Simone Massi,https://www.ilsole24ore.com/art/film-uscita-cosa-vedere-cinema-fine-settimana-AFUThEcD,https://i2.res.24o.it/images2010/S24/Documenti/2024/08/31/Immagini/Ritagli/MaXXXine-kLLD-U81333571856uWP-1440x752@IlSole24Ore-Web.jpg?r=1170x507,2024-08-30T06:11:01Z,"Ascolta la versione audio dell'articolo
3' di lettura
Siamo arrivati alla conclusone di quella che ormai si può definire la Trilogia X: nelle sale italiane questa settimana è uscito MaXXXine, terzo… [+1251 chars]"
"{'id': 'il-sole-24-ore', 'name': 'Il Sole 24 Ore'}",Luca Tremolada,The Hustel: la banda dei vip armati. Ecco i deefake artistici di The Dor Brothers,The Dor Brothers è uno studio di Ai Visual che si è specializzato nell'uso di strumenti come  Stable Diffusion e Midjourney. Nel loro sito dicono di avere prodotto oltre 150 clip che hanno ottenuto decine di milioni di visualizzazioni in tutto il mondo per ba…,https://www.infodata.ilsole24ore.com/2024/08/30/the-hustel-la-banda-dei-vip-armati-ecco-i-deefake-artistidi-di-the-dor-brothers/,https://www.infodata.ilsole24ore.com/wp-content/uploads/sites/89/2024/08/88851317-0-image-a-15_1724404233214.jpg,2024-08-30T05:35:59Z,"Le regole della Community
Il Sole 24 ORE incoraggia i lettori al dibattito ed al libero scambio di opinioni sugli argomenti oggetto di discussione nei nostri articoli. I commenti non devono necessar… [+1942 chars]"
"{'id': 'il-sole-24-ore', 'name': 'Il Sole 24 Ore'}",,"Guerra, ultime notizie. Israele uccide uomini armati palestinesi in prolungata azione in Cisgiordania. Ucraina: quattro esplosioni nella notte a Kirovskoye in Crimea","L’esercito israeliano ha dichiarato di aver ucciso cinque uomini armati nel loro nascondiglio in una moschea della Cisgiordania, aumentando il bilancio delle vittime di un’operazione militare insolitamente vasta nel territorio palestinese. Intanto, nella nott…",https://www.ilsole24ore.com/art/guerra-ultime-notizie-israele-uccide-uomini-armati-palestinesi-prolungata-azione-cisgiordania-ucraina-quattro-esplosioni-notte-kirovskoye-crimea-AF7aIDcD,https://i2.res.24o.it/images2010/S24/Documenti/2024/08/31/Immagini/Ritagli/AFP_36EY2RK-U05384322805Lxw-1440x752@IlSole24Ore-Web.jpg?r=1170x507,2024-08-30T05:30:44Z,"Lesercito israeliano ha dichiarato di aver ucciso cinque uomini armati nel loro nascondiglio in una moschea della Cisgiordania, aumentando il bilancio delle vittime di unoperazione militare insolitam… [+983 chars]"
"{'id': 'il-sole-24-ore', 'name': 'Il Sole 24 Ore'}",,"Creatività, natura e atmosfere friendly nel Sud della Svezia","Fattorie, foreste, cittadine medioevali e soprattutto un’ondata creativa e imprenditoriale incontenibili fanno della Scania e dello Småland, a sud della Svezia, regioni non soltanto benedette da un paesaggio ameno e...",https://www.ilsole24ore.com/art/creativita-natura-e-atmosfere-friendly-sud-svezia-AFg1tkbD,https://i2.res.24o.it/images2010/2024/08/AFg1tkbD/images/99b7bc08-662e-11ef-8bef-b54acc3abaf3-fotohome0.jpg,2024-08-30T05:23:00Z,"Fattorie, foreste, cittadine medioevali e soprattutto unondata creativa e imprenditoriale incontenibili fanno della Scania e dello Småland, a sud della Svezia, regioni non soltanto benedette da un pa… [+168 chars]"
"{'id': 'il-sole-24-ore', 'name': 'Il Sole 24 Ore'}",di Marco Valsania,"Kamala Harris, prima intervista alla Cnn: «Voltiamo pagina sull’ultimo decennio»","Promette di chiamare un repubblicano al governo per superare l’era delle divisioni. “I miei valori non sono cambiati”, aggiunge parlando di clima, immigrazione e Gaza",https://www.ilsole24ore.com/art/kamala-harris-prima-intervista-cnn-voltiamo-pagina-sull-ultimo-decennio-AFCgx6bD,https://i2.res.24o.it/images2010/S24/Documenti/2024/08/31/Immagini/Ritagli/2024-08-30T035058Z_551528149_RC2XP9A8G2NX_RTRMADP_5_USA-ELECTION-HARRIS-U75454737802kWY-1440x752@IlSole24Ore-Web.JPG?r=1170x507,2024-08-30T05:18:20Z,"Ascolta la versione audio dell'articolo
3' di lettura
Kamala Harris si impegna a voltare pagina sullultimo decennio, a superare se eletta alla Casa Bianca lera delle lacerazioni e della polarizzazi… [+2566 chars]"
"{'id': 'il-sole-24-ore', 'name': 'Il Sole 24 Ore'}",di Andrea Chimento,"“El jockey”, delude la commedia nera argentina in concorso a Venezia","Al Lido è stato presentato il nuovo lungometraggio di Luis Ortega, regista che si era fatto conoscere con “L’angelo del crimine”",https://www.ilsole24ore.com/art/el-jockey-delude-commedia-nera-argentina-concorso-venezia-AFWPPWbD,https://i2.res.24o.it/images2010/S24/Documenti/2024/08/30/Immagini/Ritagli/El%20jockey-kt7C-U50687170456tjb-1440x752@IlSole24Ore-Web.jpg?r=1170x507,2024-08-30T05:03:36Z,"Parte da premesse senza dubbio ambiziose Luis Ortega, con questo film che mescola i toni della commedia nera a un percorso di formazione compiuto dal suo protagonista per cercare il vero se stesso.
… [+1081 chars]"
"{'id': 'la-repubblica', 'name': 'La Repubblica'}","Rudy d’Alembert, Alice Riddle e Piotr Rezierovic Silverbrahms",Il problema di Agosto (672) – La spiaggia delle meraviglie,"E insomma c’è sempre questa cosa un po’ strana, causata dalla perversa congiuntura dei tempi editoriali e dall’inarrestabile fluire delle stagioni. Forse chi legge non ci ha mai pensato, ma i problemi che pubblichiamo li scriviamo con buon anticipo, mentre qu…",http://rudimatematici-lescienze.blogautore.espresso.repubblica.it/2024/08/30/il-problema-di-agosto-672-la-spiaggia-delle-meraviglie/,,2024-08-30T05:00:20Z,"E insomma c’è sempre questa cosa un po’ strana, causata dalla perversa congiuntura dei tempi editoriali e dall’inarrestabile fluire delle stagioni. Forse chi legge non ci ha mai pensato, ma i problem… [+11388 chars]"
"{'id': 'la-repubblica', 'name': 'La Repubblica'}",repubblicawww@repubblica.it (Redazione Repubblica.it),"Brandizzo, a un anno dalla strage degli operai il dramma potrebbe ripetersi. Le domande irrisolte sul caso",Il 30 agosto 2023 fa cinque lavoratori persero la vita travolti da un treno alle porte di Torino. Cosa è cambiato da allora per chi opera sui binari? Molto poco,https://torino.repubblica.it/cronaca/2024/08/30/news/brandizzo_incidente_ferroviario_vittime_domande_irrisolte-423468655/,https://www.repstatic.it/content/localirep/img/rep-torino/2024/08/29/230959689-c56aa2e4-e678-4a14-a86e-febf2a14437a.jpg,2024-08-29T23:00:00Z,"La prima domanda. A un anno dalla strage di Brandizzo, Brandizzo potrebbe succedere ancora? «È ancora possibile che per un errore umano si replichi quella sciagura», commenta il segretario generale F… [+254 chars]"
